feature,direction,days,top_total_return,top_sharpe,top_max_drawdown,top_win_rate,top_minus_bottom_total_return,top_minus_bottom_sharpe,top_minus_spy_total_return,top_minus_spy_sharpe,ew_ranked_total_return,ic_mean,ic_sharpe,ic_positive_rate,bucket_q5_minus_q1_mean_return,top_beats_spy_rate,top_beats_bottom_rate
hl_range_mean_5d,high,1206,-0.2642918718708456,-0.08334169700822132,-0.48406591304859603,0.5149253731343284,-0.6271305361215533,-0.6925052377389334,-0.6793445035140335,-1.2462444807648796,-0.227172968661989,0.010620470918825488,0.4702861715545648,0.5265339966832504,0.0003199540587866722,0.521558872305141,0.5265339966832504
excess_x_volume,low,1206,-0.21489539594536156,-0.16472183988533623,-0.32983641369689654,0.5024875621890548,-0.5013893245759089,-0.7114486990001244,-0.6763998071418591,-2.1501109593766414,-0.227172968661989,0.0052243379996201435,0.27114953177193696,0.511608623548922,0.0005515206136302949,0.49917081260364843,0.5132669983416253
atr_14,high,1206,-0.29099884125865794,-0.10644275622670395,-0.47471037055752463,0.511608623548922,-0.6514943106553508,-0.7411133087402597,-0.6903714249557501,-1.2685780241252422,-0.227172968661989,0.009927973523517812,0.42964319262434925,0.5132669983416253,0.0002692965296865818,0.5091210613598673,0.5190713101160862
return_1d_lag1,high,1206,-0.132552436970918,-0.06907126747717551,-0.32057975076891465,0.5174129353233831,-0.541823165871351,-0.7677067192577675,-0.645946850400896,-1.9043615194501007,-0.227172968661989,0.011907426809788155,0.6046895273705617,0.5074626865671642,0.0003732752074752243,0.5074626865671642,0.5124378109452736
vol_20d,high,1206,-0.30311111594779017,-0.1269032658000129,-0.4697326313372937,0.5099502487562189,-0.648861957093581,-0.7686228322230982,-0.6966832792272346,-1.334404693054204,-0.227172968661989,0.009538172975669177,0.4223481581903271,0.5157545605306799,0.0002553507175064826,0.5132669983416253,0.511608623548922
hl_range_pct,high,1206,-0.20767848606145867,-0.04738809221083249,-0.42102402955493423,0.5199004975124378,-0.6282072293021734,-0.7750450699116578,-0.6579051575998801,-1.290652761359471,-0.227172968661989,0.008736300611028081,0.4151313109722929,0.5257048092868989,0.0003116823083780814,0.5298507462686567,0.5265339966832504
vol_10d,high,1206,-0.25779480700737767,-0.09661882531043518,-0.436182761749524,0.5207296849087893,-0.65559971095926,-0.8326932377072435,-0.6792613728564312,-1.3657884957570048,-0.227172968661989,0.004777772728318669,0.21570591706558864,0.5232172470978441,0.00023854711485612903,0.5140961857379768,0.533167495854063
return_1d,low,1206,-0.21288002696886132,-0.15740551522823806,-0.31671904136902684,0.5024875621890548,-0.5835572262738093,-0.8911641331833176,-0.6752264915589892,-2.0916846524439134,-0.227172968661989,0.004123645266101843,0.21275993155591413,0.5107794361525705,0.00047561564713879294,0.5082918739635157,0.5140961857379768
excess_return_1d,low,1206,-0.21288002696886132,-0.15740551522823806,-0.31671904136902684,0.5024875621890548,-0.5835572262738093,-0.8911641331833176,-0.6752264915589892,-2.0916846524439134,-0.227172968661989,0.004123645266101843,0.21275993155591413,0.5107794361525705,0.00047561564713879294,0.5082918739635157,0.5140961857379768
intraday_return,low,1206,-0.16185919239042956,-0.09111876611993919,-0.29974551421123363,0.5165837479270315,-0.6078111453454531,-0.9126756442336136,-0.6549512807449197,-1.912353177664845,-0.22717296866198888,0.0010980496587112223,0.056628702347416605,0.48756218905472637,0.00034529831020162536,0.49917081260364843,0.5149253731343284
return_1d_lag3,low,1206,-0.05921194244661332,0.04219400329311812,-0.31888739941522526,0.5157545605306799,-0.6735962899856467,-1.0490709175591038,-0.6093516103038735,-1.5796550164221421,-0.227172968661989,0.00937886968969481,0.47187785088534406,0.5414593698175788,0.00013451642275659584,0.5315091210613598,0.5265339966832504
vol_5d,high,1206,-0.3928120896637758,-0.2683091337698582,-0.5270796737313026,0.5124378109452736,-0.7064707668150815,-1.050404046548688,-0.7390485426597,-1.7024004604681697,-0.227172968661989,0.0031315581045902193,0.15180288746496998,0.5157545605306799,5.787647240415223e-05,0.5082918739635157,0.5281923714759535
cs_rank_vol,high,1206,-0.3928120896637758,-0.2683091337698582,-0.5270796737313026,0.5124378109452736,-0.7064707668150815,-1.050404046548688,-0.7390485426597,-1.7024004604681697,-0.227172968661989,0.0031315581045902193,0.15180288746496998,0.5157545605306799,5.787647240415223e-05,0.5082918739635157,0.5281923714759535
return_10d,low,1206,-0.18373788128975732,-0.08251154853402157,-0.3448409172677195,0.5132669983416253,-0.6822938681349872,-1.0632505188927284,-0.6576565197088708,-1.7448284995158894,-0.22717296866198888,0.0015950085885280245,0.0802601304396487,0.48839137645107794,0.00025110335585952026,0.494195688225539,0.5033167495854063
momentum_10d,low,1206,-0.18373788128975732,-0.08251154853402157,-0.3448409172677195,0.5132669983416253,-0.6822938681349872,-1.0632505188927284,-0.6576565197088708,-1.7448284995158894,-0.22717296866198888,0.0015950085885280245,0.0802601304396487,0.48839137645107794,0.00025110335585952026,0.494195688225539,0.5033167495854063
return_5d,low,1206,-0.22921163464451944,-0.15693237808421867,-0.3921391214184582,0.5024875621890548,-0.6785552528298651,-1.0764163127630537,-0.6793459623807864,-1.9788531259653517,-0.227172968661989,0.0020596177354872,0.10408188214867611,0.49917081260364843,0.0001089053720669846,0.5082918739635157,0.5132669983416253
cs_rank_return_5d,low,1206,-0.22921163464451944,-0.15693237808421867,-0.3921391214184582,0.5024875621890548,-0.6785552528298651,-1.0764163127630537,-0.6793459623807864,-1.9788531259653517,-0.227172968661989,0.0020596177354872,0.10408188214867611,0.49917081260364843,0.0001089053720669846,0.5082918739635157,0.5132669983416253
return_1d_lag2,low,1206,-0.10964890347547873,-0.021394009027304223,-0.3075680145460852,0.5016583747927031,-0.6657087600603537,-1.1025317868924516,-0.6318081692156259,-1.7856101864727623,-0.227172968661989,0.006310960764143546,0.3234622509613756,0.5248756218905473,0.00023998454416392402,0.5008291873963516,0.5157545605306799
macd_line,low,1206,-0.16601217055598472,-0.06367875444516291,-0.3404469992236232,0.5066334991708126,-0.7092531757328164,-1.1179503692594253,-0.6502824154250486,-1.7354593940892382,-0.227172968661989,0.0007508223727462028,0.03624627545828681,0.4900497512437811,0.00015116208288039437,0.49336650082918737,0.49336650082918737
dist_ma_20,high,1206,-0.22914554518097552,-0.23024498818311293,-0.457362158959435,0.5207296849087893,-0.7065235054709148,-1.1336094645076527,-0.6911883589957031,-1.9042070176567143,-0.227172968661989,0.0007055388493657592,0.03546912921824243,0.5074626865671642,4.001747484911846e-05,0.5058043117744611,0.5066334991708126
vol_of_vol_20d,high,1206,-0.37419812564882804,-0.24837202550482962,-0.5269220597946133,0.5165837479270315,-0.7235564398977337,-1.1607327485042358,-0.7309032513791185,-1.7133308307827937,-0.227172968661989,0.007675808173537544,0.39208601044595426,0.5232172470978441,5.4915895051836357e-05,0.5240464344941956,0.5298507462686567
momentum_3d,low,1206,-0.19429670073967142,-0.12320696593450171,-0.34683521666008754,0.5049751243781094,-0.6825323538427672,-1.1652853915517345,-0.6665608185895667,-1.9541745743185999,-0.227172968661989,-0.0018595221443608728,-0.09557387701241152,0.4892205638474295,1.995277239271538e-05,0.5033167495854063,0.4975124378109453
dist_ma_50,low,1206,-0.2176899579420406,-0.12157137766127693,-0.33328318102433796,0.49585406301824214,-0.7269691184695808,-1.170437559479272,-0.6715748680244178,-1.8234550505076663,-0.22717296866198888,-0.0023001359427627004,-0.11117806175994024,0.4892205638474295,1.3016012855670818e-05,0.49336650082918737,0.48839137645107794
dist_ma_50,high,1206,-0.19312414556782131,-0.176775530477252,-0.41182726387153124,0.521558872305141,-0.7360121021616186,-1.2006920753632278,-0.6771726463788407,-1.8153809636593725,-0.227172968661989,0.0023001359427627004,0.11117806175994024,0.5107794361525705,-0.00017087032490525585,0.5107794361525705,0.511608623548922
gap_pct,low,1206,-0.30715237197903433,-0.331872885587399,-0.3802739573476326,0.5149253731343284,-0.6991096261414755,-1.2012242972792253,-0.7181777832418695,-2.3002298298246924,-0.22717296866198888,0.007734013197706086,0.39714679864060193,0.5091210613598673,7.063585933671557e-05,0.4966832504145937,0.5049751243781094
overnight_return,low,1206,-0.30715237197903433,-0.331872885587399,-0.3802739573476326,0.5149253731343284,-0.6991096261414755,-1.2012242972792253,-0.7181777832418695,-2.3002298298246924,-0.22717296866198888,0.007734013197706086,0.39714679864060193,0.5091210613598673,7.063585933671557e-05,0.4966832504145937,0.5049751243781094
bollinger_pctb,high,1206,-0.16299021984169282,-0.16383977806393887,-0.35233367797182946,0.5132669983416253,-0.6189790790299323,-1.203963311070502,-0.664397460826359,-2.290915872623831,-0.227172968661989,0.004056069739034397,0.23000906795882328,0.5207296849087893,0.0002729352067228322,0.5041459369817579,0.5091210613598673
zscore_close_20d,high,1206,-0.16299021984169282,-0.16383977806393887,-0.35233367797182946,0.5132669983416253,-0.6189790790299323,-1.203963311070502,-0.664397460826359,-2.290915872623831,-0.227172968661989,0.004056069739034397,0.23000906795882328,0.5207296849087893,0.0002729352067228322,0.5041459369817579,0.5091210613598673
vol_of_vol_20d,low,1206,-0.3016544207287334,-0.7272913646081887,-0.3228474162400843,0.5,-0.7389258561290425,-1.2165192980002844,-0.7277400816554253,-3.2718202691853118,-0.227172968661989,-0.007675808173537544,-0.39208601044595426,0.4767827529021559,-2.2911911281827015e-05,0.478441127694859,0.4701492537313433
vol_5d,low,1206,-0.3670817153136886,-0.8933959067372337,-0.3693110962874385,0.4892205638474295,-0.7584843919992286,-1.2340795398311635,-0.7530344873008497,-3.3937249611610056,-0.227172968661989,-0.0031315581045902193,-0.15180288746496998,0.4842454394693201,-0.00010373093050615172,0.47429519071310117,0.47180762852404645
cs_rank_vol,low,1206,-0.3670817153136886,-0.8933959067372337,-0.3693110962874385,0.4892205638474295,-0.7584843919992286,-1.2340795398311635,-0.7530344873008497,-3.3937249611610056,-0.227172968661989,-0.0031315581045902193,-0.15180288746496998,0.4842454394693201,-0.00010373093050615172,0.47429519071310117,0.47180762852404645
atr_14,low,1206,-0.37422418773074284,-1.1508191967862018,-0.3798561009470671,0.4842454394693201,-0.81140346254177,-1.2446865508049547,-0.7587236301467745,-3.13558067634497,-0.227172968661989,-0.009927973523517812,-0.42964319262434925,0.4867330016583748,-0.00012165197246818415,0.4660033167495854,0.48092868988391374
rel_mom_20,low,1186,-0.26959212590169557,-0.20497000966522833,-0.4049344154207627,0.5008431703204047,-0.7104668430533534,-1.2489376775999985,-0.6844012887298164,-2.0360731500139018,-0.2386546861404154,-0.0003394721871537689,-0.017227758674263374,0.49494097807757165,-3.0702401401580125e-06,0.5059021922428331,0.5092748735244519
momentum_20d,low,1206,-0.25292515049382147,-0.1807010171075606,-0.40493441542076203,0.5016583747927031,-0.7178862070333719,-1.262565018410577,-0.6879226136342715,-2.0328826152364288,-0.227172968661989,-9.566487924482546e-05,-0.004873868777461924,0.49502487562189057,-3.830176975764903e-07,0.5066334991708126,0.5074626865671642
cs_rank_momentum_20d,low,1206,-0.25292515049382147,-0.1807010171075606,-0.40493441542076203,0.5016583747927031,-0.7178862070333719,-1.262565018410577,-0.6879226136342715,-2.0328826152364288,-0.227172968661989,-9.566487924482546e-05,-0.004873868777461924,0.49502487562189057,-3.830176975764903e-07,0.5066334991708126,0.5074626865671642
return_5d_lag1,high,1206,-0.22238910452505256,-0.20734471795290654,-0.4329538566579215,0.5174129353233831,-0.727599913126518,-1.266540509606734,-0.6866286353882436,-1.911607152460208,-0.227172968661989,-0.0004369497958844395,-0.021999735831591132,0.5124378109452736,-3.1990209199094758e-06,0.5033167495854063,0.5132669983416253
return_5d_lag1,low,1206,-0.24615549312084406,-0.17610804503803204,-0.4654759124515473,0.5132669983416253,-0.728053373133245,-1.2688784794040306,-0.6864810818405727,-1.9520378737868702,-0.227172968661989,0.0004369497958844395,0.021999735831591132,0.48756218905472637,2.5553309176660935e-05,0.5049751243781094,0.4867330016583748
macd_line,high,1206,-0.1924828211002414,-0.17591650498792788,-0.43119580870360774,0.5182421227197347,-0.7513412506787867,-1.2699006273136906,-0.6769266158771874,-1.8149272930426124,-0.227172968661989,-0.0007508223727462028,-0.03624627545828681,0.5099502487562189,-0.0001541026712793751,0.5124378109452736,0.5066334991708126
vol_20d,low,1206,-0.3895081411483685,-1.1261795548280351,-0.4003118044179339,0.47761194029850745,-0.8090195090190864,-1.2850842475067874,-0.7637264537222729,-3.29459206328721,-0.227172968661989,-0.009538172975669177,-0.4223481581903271,0.4842454394693201,-0.00022164595255574565,0.4701492537313433,0.48839137645107794
dist_ma_20,low,1206,-0.32001586250881864,-0.26317878279493695,-0.42499409651276443,0.5066334991708126,-0.7515116370177177,-1.3040958096638116,-0.7152878999070564,-2.1279258718626544,-0.227172968661989,-0.0007055388493657592,-0.03546912921824243,0.4925373134328358,-7.140079964680743e-05,0.5,0.49336650082918737
hl_range_mean_5d,low,1206,-0.39348059108446043,-1.2686415454269138,-0.39315299381973345,0.47180762852404645,-0.8229520846519086,-1.3078274883785992,-0.7665796844668273,-3.143782455832873,-0.227172968661989,-0.010620470918825488,-0.4702861715545648,0.4734660033167496,-0.00029840908528672546,0.4527363184079602,0.4734660033167496
vol_10d,low,1206,-0.3408413312586188,-0.8998304320484537,-0.3429707483426827,0.4925373134328358,-0.8002931270676579,-1.3169912493203666,-0.7445605045429567,-3.075547270203736,-0.227172968661989,-0.004777772728318669,-0.21570591706558864,0.4767827529021559,-0.00023691850792516484,0.4734660033167496,0.46683250414593697
rel_mom_20,high,1186,-0.2705187544805815,-0.29676565952394934,-0.4920440655350877,0.521079258010118,-0.7312324439974953,-1.3289610482962955,-0.6959967385831616,-2.0877116649686513,-0.23865468614041574,0.0003394721871537689,0.017227758674263374,0.5050590219224284,-7.430368117904872e-05,0.5050590219224284,0.49072512647554806
momentum_20d,high,1206,-0.2500175464252318,-0.25924946611074756,-0.49204406553508695,0.521558872305141,-0.7352436309352204,-1.3299787543654265,-0.6977904271037041,-2.069135691941099,-0.22717296866198833,9.566487924482546e-05,0.004873868777461924,0.5049751243781094,-7.237998259056823e-05,0.5066334991708126,0.4925373134328358
cs_rank_momentum_20d,high,1206,-0.2500175464252318,-0.25924946611074756,-0.49204406553508695,0.521558872305141,-0.7352436309352204,-1.3299787543654265,-0.6977904271037041,-2.069135691941099,-0.22717296866198833,9.566487924482546e-05,0.004873868777461924,0.5049751243781094,-7.237998259056823e-05,0.5066334991708126,0.4925373134328358
return_10d,high,1206,-0.27116748906610144,-0.304702883623806,-0.4569626355170717,0.5099502487562189,-0.7699237508669594,-1.3885395188181264,-0.7079365280569427,-2.061451307882208,-0.227172968661989,-0.0015950085885280245,-0.0802601304396487,0.511608623548922,-0.00011956495901353765,0.49502487562189057,0.4966832504145937
momentum_10d,high,1206,-0.27116748906610144,-0.304702883623806,-0.4569626355170717,0.5099502487562189,-0.7699237508669594,-1.3885395188181264,-0.7079365280569427,-2.061451307882208,-0.227172968661989,-0.0015950085885280245,-0.0802601304396487,0.511608623548922,-0.00011956495901353765,0.49502487562189057,0.4966832504145937
hl_range_pct,low,1206,-0.3461111827718545,-0.9574842051108389,-0.35429918905839874,0.48175787728026537,-0.8140746066124018,-1.3961413134150364,-0.7471114308608934,-3.067531735866368,-0.227172968661989,-0.008736300611028081,-0.4151313109722929,0.47429519071310117,-0.00036707488040613217,0.4660033167495854,0.4734660033167496
vol_ratio_5_10,low,1206,-0.12915780738398264,-0.09760138764288019,-0.29314068328637943,0.5124378109452736,-0.5975949231233542,-1.3963664689543516,-0.6462331976625122,-2.6562758253616785,-0.227172968661989,0.006614091477050612,0.44579403380833216,0.5099502487562189,0.0002788156369182193,0.5091210613598673,0.5174129353233831
gap_pct,high,1206,-0.37560507743939064,-0.41742111794464715,-0.5227893175439946,0.48092868988391374,-0.7512087794800333,-1.407769492277015,-0.7449607397106565,-2.3124618204088683,-0.227172968661989,-0.007734013197706086,-0.39714679864060193,0.49087893864013266,-0.0001074443499681397,0.49336650082918737,0.49502487562189057
overnight_return,high,1206,-0.37560507743939064,-0.41742111794464715,-0.5227893175439946,0.48092868988391374,-0.7512087794800333,-1.407769492277015,-0.7449607397106565,-2.3124618204088683,-0.227172968661989,-0.007734013197706086,-0.39714679864060193,0.49087893864013266,-0.0001074443499681397,0.49336650082918737,0.49502487562189057
return_5d,high,1206,-0.3279995346714186,-0.39008264254141056,-0.4713507097299464,0.5132669983416253,-0.7707738037930076,-1.42492286142982,-0.729863101599794,-2.182302429377179,-0.227172968661989,-0.0020596177354872,-0.10408188214867611,0.5008291873963516,-0.00014549990220976292,0.4925373134328358,0.4867330016583748
cs_rank_return_5d,high,1206,-0.3279995346714186,-0.39008264254141056,-0.4713507097299464,0.5132669983416253,-0.7707738037930076,-1.42492286142982,-0.729863101599794,-2.182302429377179,-0.227172968661989,-0.0020596177354872,-0.10408188214867611,0.5008291873963516,-0.00014549990220976292,0.4925373134328358,0.4867330016583748
return_1d_lag3,high,1206,-0.1953956634395132,-0.16961620448996226,-0.41644987079701534,0.5157545605306799,-0.7750553329268483,-1.429755629861787,-0.6758333501581408,-1.8769994504939962,-0.227172968661989,-0.00937886968969481,-0.47187785088534406,0.45854063018242125,-0.00014140967860097267,0.4892205638474295,0.4734660033167496
momentum_3d,high,1206,-0.2894048870068,-0.3079220224939385,-0.43374919526690503,0.5066334991708126,-0.7629110174218189,-1.4844698490121535,-0.7118005092617501,-2.211547768376313,-0.227172968661989,0.0018595221443608728,0.09557387701241152,0.5107794361525705,-0.0001274515863379966,0.49585406301824214,0.5024875621890548
vol_10d_over_20,high,1206,-0.2040912278279774,-0.21668399723568638,-0.3267273803804339,0.5124378109452736,-0.6462386345048174,-1.5059753447873898,-0.6782688395585335,-2.586612765886041,-0.22717296866198888,-0.0002878730964022898,-0.019827083679405104,0.5024875621890548,5.5116737087248895e-05,0.5016583747927031,0.5124378109452736
return_1d_lag2,high,1206,-0.2573934006623927,-0.2514761449626121,-0.41024517147043105,0.49917081260364843,-0.7751756959136735,-1.5358525943779127,-0.6984761120150584,-2.101575612972859,-0.227172968661989,-0.006310960764143546,-0.3234622509613756,0.47512437810945274,-0.00010709521819740023,0.4900497512437811,0.4842454394693201
volume_ratio,low,1206,-0.26748282882819185,-0.303588596029988,-0.34120774448463653,0.521558872305141,-0.6481198347197448,-1.557637781395336,-0.7009513773975677,-3.1306267660143816,-0.227172968661989,0.015215585946243261,1.141883330533784,0.5290215588723052,0.0002142089092251475,0.5099502487562189,0.521558872305141
cs_rank_volume_ratio,low,1206,-0.26748282882819185,-0.303588596029988,-0.34120774448463653,0.521558872305141,-0.6481198347197448,-1.557637781395336,-0.7009513773975677,-3.1306267660143816,-0.227172968661989,0.015215585946243261,1.141883330533784,0.5290215588723052,0.0002142089092251475,0.5099502487562189,0.521558872305141
rsi_14,high,1206,-0.1707469363949703,-0.1793799475655513,-0.41396753856028745,0.5082918739635157,-0.7045298702640539,-1.5594572415448325,-0.6681001456074608,-2.2695486450485785,-0.227172968661989,0.007542353392283007,0.4282975137645166,0.5265339966832504,6.44276802322092e-05,0.5024875621890548,0.5107794361525705
cs_rank_rsi,high,1206,-0.1707469363949703,-0.1793799475655513,-0.41396753856028745,0.5082918739635157,-0.7045298702640539,-1.5594572415448325,-0.6681001456074608,-2.2695486450485785,-0.227172968661989,0.007542353392283007,0.4282975137645166,0.5265339966832504,6.44276802322092e-05,0.5024875621890548,0.5107794361525705
return_over_vol,low,1206,-0.3457973248003984,-0.44498096080024335,-0.38253882068634737,0.5008291873963516,-0.7018949678613464,-1.5755815134648894,-0.7344552766441979,-2.959903406415248,-0.22717296866198888,0.002880978316335418,0.17181427075939368,0.5074626865671642,1.3056277727398538e-05,0.4900497512437811,0.49917081260364843
ma_5,low,1206,-0.14456621371904577,-0.16115852047849838,-0.29882535190158965,0.5033167495854063,-0.6054069393470879,-1.6098791727737303,-0.657700467168138,-2.754744343624838,-0.227172968661989,0.0019357719347016106,0.14714137890015536,0.4966832504145937,0.0002533100197930465,0.4966832504145937,0.4975124378109453
rel_ratio,low,1206,-0.18431272045419178,-0.23147146713068226,-0.288255559550597,0.5033167495854063,-0.6001795831020998,-1.6116721509423866,-0.6735204965092623,-2.9016494041517924,-0.227172968661989,0.0022599064037065555,0.1720174037986923,0.5,0.0002495014529924282,0.4975124378109453,0.5033167495854063
ma_20,low,1206,-0.18831592909229755,-0.24089355206988278,-0.30693876417298016,0.5041459369817579,-0.6223395079951635,-1.6617889689598286,-0.6754600127674306,-2.868027800319694,-0.227172968661989,0.001573075298872438,0.11943090272536969,0.49336650082918737,0.0001760337087515796,0.49585406301824214,0.49834162520729686
rsi_14,low,1206,-0.2198395627687787,-0.21319081083453578,-0.29962032961714624,0.5082918739635157,-0.7301604688158899,-1.6813640761984419,-0.6818397276950157,-2.5381305932782414,-0.22717296866198833,-0.007542353392283007,-0.4282975137645166,0.4734660033167496,-7.422912004817017e-05,0.4859038142620232,0.4892205638474295
cs_rank_rsi,low,1206,-0.2198395627687787,-0.21319081083453578,-0.29962032961714624,0.5082918739635157,-0.7301604688158899,-1.6813640761984419,-0.6818397276950157,-2.5381305932782414,-0.22717296866198833,-0.007542353392283007,-0.4282975137645166,0.4734660033167496,-7.422912004817017e-05,0.4859038142620232,0.4892205638474295
intraday_return,high,1206,-0.41051162767190297,-0.4987881424221658,-0.5292465554307373,0.5066334991708126,-0.809263326287224,-1.686500861460902,-0.7599282400821897,-2.4669319440344353,-0.227172968661989,-0.0010980496587112223,-0.056628702347416605,0.5124378109452736,-0.0003910590625776174,0.4792703150912106,0.48507462686567165
ma_50,low,1206,-0.21067907248330198,-0.2822895944795591,-0.30374608950193704,0.5024875621890548,-0.6284587914366779,-1.6910302390658312,-0.6844141880916407,-2.9346976952770176,-0.227172968661989,0.0011035658103771594,0.08417499023816412,0.49917081260364843,0.00016681765100370687,0.49502487562189057,0.5041459369817579
return_over_vol,high,1206,-0.3743299341318378,-0.5440597172954884,-0.46144818152631706,0.49336650082918737,-0.731563703053631,-1.7179928707448882,-0.7485069502129842,-2.9316845089712236,-0.22717296866198888,-0.002880978316335418,-0.17181427075939368,0.4925373134328358,-7.030835187048562e-05,0.494195688225539,0.5008291873963516
vol_5_over_20,low,1206,-0.2572863217716541,-0.2734044333440882,-0.3697330370497832,0.49502487562189057,-0.6893945435991381,-1.7675628653832345,-0.6962156430051295,-2.918709718309053,-0.22717296866198888,0.006330969986905449,0.43081266246180067,0.5149253731343284,0.0001882502890724671,0.5058043117744611,0.5033167495854063
return_1d,high,1206,-0.4742552712293455,-0.6329677452583599,-0.5761282274563522,0.5041459369817579,-0.8179195190887679,-1.8180318494805985,-0.7859716334531497,-2.706952428316752,-0.22717296866198844,-0.004123645266101843,-0.21275993155591413,0.4892205638474295,-0.00024176337500167499,0.48839137645107794,0.4859038142620232
excess_return_1d,high,1206,-0.4742552712293455,-0.6329677452583599,-0.5761282274563522,0.5041459369817579,-0.8179195190887679,-1.8180318494805985,-0.7859716334531497,-2.706952428316752,-0.22717296866198844,-0.004123645266101843,-0.21275993155591413,0.4892205638474295,-0.00024176337500167499,0.48839137645107794,0.4859038142620232
close_vs_range,low,1206,-0.3432862115856822,-0.45971082009911723,-0.4230133130667951,0.5066334991708126,-0.6909972487076136,-1.8914132573051368,-0.7334606864080656,-3.270402299003349,-0.227172968661989,-0.002384085711848554,-0.17026239281270078,0.48839137645107794,2.4123263185019296e-05,0.5024875621890548,0.5033167495854063
return_1d_lag1,low,1206,-0.4868169840211932,-0.6007738173008869,-0.5671749599049012,0.4900497512437811,-0.8353997429941308,-1.898206118250869,-0.7885931534610289,-2.702886622843406,-0.22717296866198855,-0.011907426809788155,-0.6046895273705617,0.4925373134328358,-0.00046329500086492615,0.4842454394693201,0.48756218905472637
bollinger_pctb,low,1206,-0.3907782051815796,-0.5006278912791694,-0.44924778059183446,0.5140961857379768,-0.7912703491513593,-2.003611535435428,-0.751263468264542,-3.0306844104043016,-0.227172968661989,-0.004056069739034397,-0.23000906795882328,0.4792703150912106,-0.0001231245293960824,0.48507462686567165,0.49087893864013266
zscore_close_20d,low,1206,-0.3907782051815796,-0.5006278912791694,-0.44924778059183446,0.5140961857379768,-0.7912703491513593,-2.003611535435428,-0.751263468264542,-3.0306844104043016,-0.227172968661989,-0.004056069739034397,-0.23000906795882328,0.4792703150912106,-0.0001231245293960824,0.48507462686567165,0.49087893864013266
vol_5_over_20,high,1206,-0.30794808072763724,-0.39739379820554427,-0.3915122717415933,0.5140961857379768,-0.7352416020978217,-2.0177787722193212,-0.7199114633400814,-2.994780965878961,-0.227172968661989,-0.006330969986905449,-0.43081266246180067,0.48507462686567165,-0.00010481673975618126,0.5008291873963516,0.4966832504145937
excess_x_volume,high,1206,-0.5604147360806921,-0.8467940881657398,-0.6251909361901464,0.49336650082918737,-0.8466863738520751,-2.067597316842086,-0.8210814347299367,-3.122301209945052,-0.227172968661989,-0.0052243379996201435,-0.27114953177193696,0.48839137645107794,-0.00039349125228838077,0.48009950248756217,0.4867330016583748
close_vs_range,high,1206,-0.3836656041349321,-0.5795872797750279,-0.4385171258499697,0.48175787728026537,-0.7313374649881423,-2.124040827355442,-0.7511682433581539,-3.5745480671897836,-0.227172968661989,0.002384085711848554,0.17026239281270078,0.511608623548922,-4.716528558025115e-05,0.4792703150912106,0.4966832504145937
vol_10d_over_20,low,1206,-0.3654246174088963,-0.4451848634430714,-0.4232748345587082,0.4966832504145937,-0.7689486461352881,-2.1520420169665884,-0.7395142583639706,-3.2515236310270326,-0.22717296866198888,0.0002878730964022898,0.019827083679405104,0.4975124378109453,-0.0001474743411402184,0.4975124378109453,0.48756218905472637
volume_ratio,high,1206,-0.40508680885436876,-0.5471384370409744,-0.46562152337696583,0.4842454394693201,-0.7666378230289332,-2.1961544440394256,-0.7580952479314946,-3.0571560377550058,-0.22717296866198888,-0.015215585946243261,-1.141883330533784,0.4709784411276949,-0.00022173098508953507,0.49502487562189057,0.478441127694859
cs_rank_volume_ratio,high,1206,-0.40508680885436876,-0.5471384370409744,-0.46562152337696583,0.4842454394693201,-0.7666378230289332,-2.1961544440394256,-0.7580952479314946,-3.0571560377550058,-0.22717296866198888,-0.015215585946243261,-1.141883330533784,0.4709784411276949,-0.00022173098508953507,0.49502487562189057,0.478441127694859
vol_ratio_5_10,high,1206,-0.38130648725852834,-0.5107910874183119,-0.4822009383272986,0.49585406301824214,-0.7948724098187594,-2.477349151392409,-0.7481949822845594,-3.220916912150578,-0.227172968661989,-0.006614091477050612,-0.44579403380833216,0.4900497512437811,-0.00028617373538834725,0.478441127694859,0.48258706467661694
ma_50,high,1206,-0.40200361862607215,-0.5182795942164853,-0.46807556423423546,0.49336650082918737,-0.7746420148288166,-2.5744757803926377,-0.7536393833981949,-3.8862977737631206,-0.227172968661989,-0.0011035658103771594,-0.08417499023816412,0.5008291873963516,-0.00024063583064005815,0.48175787728026537,0.49585406301824214
ma_20,high,1206,-0.39265276341738165,-0.5191361319599402,-0.4597326124713951,0.5033167495854063,-0.77830220039842,-2.6026321390063556,-0.7509235444133673,-3.765118511652091,-0.227172968661989,-0.001573075298872438,-0.11943090272536969,0.5066334991708126,-0.00028378761045380315,0.48839137645107794,0.5016583747927031
day_of_week,high,1206,-0.17171013161305893,-0.18534311396796063,-0.28753870141648363,0.5049751243781094,-0.6965298558110564,-2.6212374480795275,-0.6645335168057038,-3.4561161799614064,-0.227172968661989,,,,-0.0003035462705944728,0.5008291873963516,0.5074626865671642
day_of_week,low,1206,-0.17171013161305893,-0.18534311396796063,-0.28753870141648363,0.5049751243781094,-0.6965298558110564,-2.6212374480795275,-0.6645335168057038,-3.4561161799614064,-0.227172968661989,,,,-0.0003035462705944728,0.5008291873963516,0.5074626865671642
month_of_year,high,1206,-0.17171013161305893,-0.18534311396796063,-0.28753870141648363,0.5049751243781094,-0.6965298558110564,-2.6212374480795275,-0.6645335168057038,-3.4561161799614064,-0.227172968661989,,,,-0.0003035462705944728,0.5008291873963516,0.5074626865671642
month_of_year,low,1206,-0.17171013161305893,-0.18534311396796063,-0.28753870141648363,0.5049751243781094,-0.6965298558110564,-2.6212374480795275,-0.6645335168057038,-3.4561161799614064,-0.227172968661989,,,,-0.0003035462705944728,0.5008291873963516,0.5074626865671642
quarter,high,1206,-0.17171013161305893,-0.18534311396796063,-0.28753870141648363,0.5049751243781094,-0.6965298558110564,-2.6212374480795275,-0.6645335168057038,-3.4561161799614064,-0.227172968661989,,,,-0.0003035462705944728,0.5008291873963516,0.5074626865671642
quarter,low,1206,-0.17171013161305893,-0.18534311396796063,-0.28753870141648363,0.5049751243781094,-0.6965298558110564,-2.6212374480795275,-0.6645335168057038,-3.4561161799614064,-0.227172968661989,,,,-0.0003035462705944728,0.5008291873963516,0.5074626865671642
is_month_start,high,1206,-0.17171013161305893,-0.18534311396796063,-0.28753870141648363,0.5049751243781094,-0.6965298558110564,-2.6212374480795275,-0.6645335168057038,-3.4561161799614064,-0.227172968661989,,,,-0.0003035462705944728,0.5008291873963516,0.5074626865671642
is_month_start,low,1206,-0.17171013161305893,-0.18534311396796063,-0.28753870141648363,0.5049751243781094,-0.6965298558110564,-2.6212374480795275,-0.6645335168057038,-3.4561161799614064,-0.227172968661989,,,,-0.0003035462705944728,0.5008291873963516,0.5074626865671642
is_month_end,high,1206,-0.17171013161305893,-0.18534311396796063,-0.28753870141648363,0.5049751243781094,-0.6965298558110564,-2.6212374480795275,-0.6645335168057038,-3.4561161799614064,-0.227172968661989,,,,-0.0003035462705944728,0.5008291873963516,0.5074626865671642
is_month_end,low,1206,-0.17171013161305893,-0.18534311396796063,-0.28753870141648363,0.5049751243781094,-0.6965298558110564,-2.6212374480795275,-0.6645335168057038,-3.4561161799614064,-0.227172968661989,,,,-0.0003035462705944728,0.5008291873963516,0.5074626865671642
spy_return_1d,high,1206,-0.17171013161305893,-0.18534311396796063,-0.28753870141648363,0.5049751243781094,-0.6965298558110564,-2.6212374480795275,-0.6645335168057038,-3.4561161799614064,-0.227172968661989,,,,-0.0003035462705944728,0.5008291873963516,0.5074626865671642
spy_return_1d,low,1206,-0.17171013161305893,-0.18534311396796063,-0.28753870141648363,0.5049751243781094,-0.6965298558110564,-2.6212374480795275,-0.6645335168057038,-3.4561161799614064,-0.227172968661989,,,,-0.0003035462705944728,0.5008291873963516,0.5074626865671642
spy_vol_10d,high,1206,-0.17171013161305893,-0.18534311396796063,-0.28753870141648363,0.5049751243781094,-0.6965298558110564,-2.6212374480795275,-0.6645335168057038,-3.4561161799614064,-0.227172968661989,,,,-0.0003035462705944728,0.5008291873963516,0.5074626865671642
spy_vol_10d,low,1206,-0.17171013161305893,-0.18534311396796063,-0.28753870141648363,0.5049751243781094,-0.6965298558110564,-2.6212374480795275,-0.6645335168057038,-3.4561161799614064,-0.227172968661989,,,,-0.0003035462705944728,0.5008291873963516,0.5074626865671642
gld_slv_ratio,high,1206,-0.17171013161305893,-0.18534311396796063,-0.28753870141648363,0.5049751243781094,-0.6965298558110564,-2.6212374480795275,-0.6645335168057038,-3.4561161799614064,-0.227172968661989,,,,-0.0003035462705944728,0.5008291873963516,0.5074626865671642
gld_slv_ratio,low,1206,-0.17171013161305893,-0.18534311396796063,-0.28753870141648363,0.5049751243781094,-0.6965298558110564,-2.6212374480795275,-0.6645335168057038,-3.4561161799614064,-0.227172968661989,,,,-0.0003035462705944728,0.5008291873963516,0.5074626865671642
ma_5,high,1206,-0.3860307001895237,-0.5093438445462631,-0.45154324177884775,0.49917081260364843,-0.787402282079481,-2.7185624229669205,-0.748356524004856,-3.751779253593815,-0.227172968661989,-0.0019357719347016106,-0.14714137890015536,0.5033167495854063,-0.00022983881572485393,0.49087893864013266,0.5024875621890548
rel_ratio,high,1206,-0.42123393404589826,-0.585128645544857,-0.48344602535152137,0.49834162520729686,-0.7897847620897557,-2.7813838751881717,-0.7629145676253825,-3.944736964030749,-0.227172968661989,-0.0022599064037065555,-0.1720174037986923,0.5,-0.0002736584612569148,0.4859038142620232,0.4966832504145937
